{
    "rmse": 0.6804161193740924,
    "mae": 0.5276869590204789,
    "r2": 0.23066578787071745
}